ts,match_id,selection,odds,p,edge,stake_eur,status,bankroll_snapshot,close_odds,clv,pnl,settled_ts
1756538865,SYN001,Player A,2.4,0.56,0.1433333333333333,50.0,settled,1000.0,2.4,0.0,-50.0,1756540134.0
1756538865,SYN002,Player C,3.1,0.42,0.0974193548387096,50.0,settled,1000.0,3.1,0.0,-50.0,1756540134.0
1756538973,SYN001,Player A,2.4,0.56,0.1433333333333333,50.0,settled,1000.0,2.4,0.0,70.0,1756540134.0
1756538973,SYN002,Player C,3.1,0.42,0.0974193548387096,50.0,settled,1000.0,3.1,0.0,-50.0,1756540134.0
1756539186,SYN001,Player A,2.4,0.56,0.1433333333333333,50.0,settled,1000.0,2.4,0.0,-50.0,1756540134.0
1756539186,SYN002,Player C,3.1,0.42,0.0974193548387096,50.0,settled,1000.0,3.1,0.0,105.0,1756540134.0
1756540133,SYN001,Player A,2.4,0.56,0.1433333333333333,50.0,settled,1000.0,2.4,0.0,-50.0,1756540134.0
1756540133,SYN002,Player C,3.1,0.42,0.0974193548387096,50.0,settled,1000.0,3.1,0.0,-50.0,1756540134.0
