ts,match_id,selection,odds,p,edge,stake_eur,status,bankroll_snapshot,close_odds,clv,pnl,settled_ts
1756540944,L003,Medvedev,1.521,0.7079951439579197,0.0505329480341852,43.75,settled,875.0,2.379,0.4473122180436648,22.79375,1756540945.0
1756540944,L002,Gauff,1.894,0.5485700291310927,0.0205869245904378,19.08,settled,875.0,2.103,0.1046739019566764,-19.08,1756540945.0
