match_id,sel,odds,p,edge
SYN001,Player A,2.4,0.56,0.14333333333333337
SYN002,Player C,3.1,0.42,0.09741935483870967
